FDRCID|FDSUPP|FDKODE|FDKPLU|FDFLAV|FDDESK|FDPLUX
1|S0I7|20071411|20071411|TK02|TKDELI CHOCX AVCD 18|20071412
1|S0I7|20071411|20071411|TK03|TKDELI CHOCX AVCD 18|20071413
1|S0I7|20071411|20071411|TK04|TKDELI CHOCX AVCD 18|20071414
1|S0I7|20071411|20071411|TK05|TKDELI CHOCX AVCD 18|20071415
1|S0I7|20071411|20071411|TK06|TKDELI CHOCX AVCD 18|20071416
1|S0I7|20071411|20071411|TK07|TKDELI CHOCX AVCD 18|20071417
1|S0I7|20071411|20071411|TK08|TKDELI CHOCX AVCD 18|20071418
1|S0I7|20071411|20071411|TK09|TKDELI CHOCX AVCD 18|20071419
1|S0I7|20071411|20071411|TK10|TKDELI CHOCX AVCD 18|20071420
1|S0I7|20071411|20071411|TK11|TKDELI CHOCX AVCD 18|20071421
1|S0I7|20071411|20071411|TK12|TKDELI CHOCX AVCD 18|20071422
1|S0I7|20071411|20071411|TK13|TKDELI CHOCX AVCD 18|20071423
1|S0I7|20071411|20071411|TK14|TKDELI CHOCX AVCD 18|20071424
1|S0I7|20071411|20071411|TK15|TKDELI CHOCX AVCD 18|20071425
1|S0I7|20071411|20071411|TK16|TKDELI CHOCX AVCD 18|20071426
1|S1GY|20033340|20033340|BED SET 180X200CM|A/LND SET101 180X200|AL12
1|S1HA|20033502|20033502|7 LITER|ISA E/PRESSR COOK 7L|IS01
1|S1HA|20033503|20033503|5 LITER|ISA E/PRESSR COOK 5L|IS02
1|S1HA|20054056|20054056|BAZAR 5 LT|ISA ECONO BZR CP 5L|ISA2
1|S1HA|20054057|20054057|BAZAR 7 LT|ISA ECONO BZR CP 7L|ISA3
1|S1HF|20033381|20033381|BLACK GREEN|UNITED SPD A/L SHK12|UB11
1|S1HF|20033381|20033381|BLACK RED|UNITED SPD A/L SHK12|UB09
1|S1HF|20033381|20033381|BLACK YELLOW|UNITED SPD A/L SHK12|UB10
1|S1HF|20033381|20033381|SHARK 12 INCH|UNITED SPD A/L SHK12|UB04
1|S1HF|20033383|20033383|BLACK BLUE|UNTD SPD M/M XC72 26|UB15
1|S1HF|20033383|20033383|BLACK GREEN|UNTD SPD M/M XC72 26|UB17
1|S1HF|20033383|20033383|BLACK RED|UNTD SPD M/M XC72 26|UB16
1|S1HF|20033383|20033383|MIAMI XC72 26 INCH|UNTD SPD M/M XC72 26|UB06
1|S1HF|20039958|20039958|FIXIE 77|UNTD SPD FIXIE SL 77|UB26
1|S1IH|20036689|20036689|BLUE|BESTA KAMUS ID 38|B008
1|S1IH|20036689|20036689|PINK|BESTA KAMUS ID 38|B009
1|S1IH|20036689|20036689|SILVER|BESTA KAMUS ID 38|B007
1|S2AN|20035750|20035750|BLACK FOREST|DOMINO CAKE PRINCESS|D004
1|S2AN|20035750|20035750|CHOCOLATE GATEUX|DOMINO CAKE PRINCESS|D001
1|S2AN|20035750|20035750|LAPIS SURABAYA|DOMINO CAKE PRINCESS|D003
1|S2AN|20035750|20035750|STRAWBERRY|DOMINO CAKE PRINCESS|D002
1|S2AN|20035751|20035751|BLACK FOREST|DOMINO CAKE SPC GIFT|D008
1|S2AN|20035751|20035751|CHOCOLATE GATEUX|DOMINO CAKE SPC GIFT|D005
1|S2AN|20035751|20035751|LAPIS SURABAYA|DOMINO CAKE SPC GIFT|D007
1|S2AN|20035751|20035751|STRAWBERRY|DOMINO CAKE SPC GIFT|D006
1|S2AN|20035752|20035752|BLACK FOREST|DOMINO SPC CAKE 1|D012
1|S2AN|20035752|20035752|CHOCOLATE GATEUX|DOMINO SPC CAKE 1|D009
1|S2AN|20035752|20035752|LAPIS SURABAYA|DOMINO SPC CAKE 1|D011
1|S2AN|20035752|20035752|STRAWBERRY|DOMINO SPC CAKE 1|D010
1|S2AN|20035753|20035753|BLACK FOREST|DOMINO CAKE ZOO|D016
1|S2AN|20035753|20035753|CHOCOLATE GATEUX|DOMINO CAKE ZOO|D013
1|S2AN|20035753|20035753|LAPIS SURABAY|DOMINO CAKE ZOO|D015
1|S2AN|20035753|20035753|LAPIS SURABAYA|DOMINO CAKE ZOO|D015
1|S2AN|20035753|20035753|STRAWBEERY|DOMINO CAKE ZOO|D014
1|S2AN|20035753|20035753|STRAWBERRY|DOMINO CAKE ZOO|D014
1|S2AN|20035754|20035754|BLACK FOREST|DOMINO CAKE RCNG CAR|D020
1|S2AN|20035754|20035754|CHOCOLATE GATEUX|DOMINO CAKE RCNG CAR|D017
1|S2AN|20035754|20035754|LAPIS SURABAYA|DOMINO CAKE RCNG CAR|D019
1|S2AN|20035754|20035754|STRAWBERRY|DOMINO CAKE RCNG CAR|D018
1|S2AN|20035755|20035755|BLACK FOREST|DOMINO CAKE FOOTBALL|D024
1|S2AN|20035755|20035755|CHOCOLATE GATEUX|DOMINO CAKE FOOTBALL|D021
1|S2AN|20035755|20035755|LAPIS SURABAYA|DOMINO CAKE FOOTBALL|D023
1|S2AN|20035755|20035755|STRAWBEERY|DOMINO CAKE FOOTBALL|D022
1|S2AN|20035755|20035755|STRAWBERRY|DOMINO CAKE FOOTBALL|D022
1|S2AN|20035756|20035756|BLACK FOREST|DOMINO CAKE CARNAVAL|D028
1|S2AN|20035756|20035756|CHOCOLATE GATEUX|DOMINO CAKE CARNAVAL|D025
1|S2AN|20035756|20035756|LAPIS SURABAYA|DOMINO CAKE CARNAVAL|D027
1|S2AN|20035756|20035756|STRAWBERRY|DOMINO CAKE CARNAVAL|D026
1|S2BQ|20035965|20035965|BLUEBERRY CHOCO|FRESH/C IDM BLUE CHO|F001
1|S2BQ|20035966|20035966|STRAWBERRY DELIGHT|FRESH/C IDM STRW DEL|F002
1|S2BQ|20035967|20035967|AMERICAN CHOCO|FRESH/C IDM AMRC CHO|F003
1|S2BQ|20035968|20035968|BLACK FOREST|FRESH/C IDM BLAK FRS|F004
1|S2BQ|20036774|20036774|BULAT 18CM|F/CRM IDM STRW 18CM|F005
1|S2BQ|20036775|20036775|BULAT 18CM|F/CRM IDM CHOCO 18CM|F006
1|S2DL|20036153|20036153|FAIRY RED BERRY|C/S ICE CAKE FRB18CM|CS01
1|S2DL|20036154|20036154|CHOCOFFEE CRUNCH|C/S ICE CAKE CC 18CM|CS02
1|S36V|20040407|20040407|INDOBQ 01|TAR A/P I ADORE YOU|T001
1|S36V|20040407|20040407|INDOBQ01|TAR A/P I ADORE YOU|T001
1|S36V|20040408|20040408|INDOBQ 02|TAR A/P WRMNG HEARTS|T002
1|S36V|20040408|20040408|INDOBQ02|TAR A/P WRMNG HEARTS|T002
1|S36V|20040408|20040408||TAR A/P WRMNG HEARTS|
1|S36V|20040409|20040409|INDOBQ 04|TAR A/P SUMMR BREEZE|T003
1|S36V|20040409|20040409|INDOBQ04|TAR A/P SUMMR BREEZE|T003
1|S36V|20040410|20040410|INDOBQ 06|TAR A/P ROSES DEW|T004
1|S36V|20040411|20040411|INDOBQ 11|TAR A/P HEAVEN SCENT|T005
1|S36V|20040411|20040411|INDOBQ11|TAR A/P HEAVEN SCENT|T005
1|S36V|20040412|20040412|INDOBQ 12|TAR A/P DP MY HEARTS|T006
1|S36V|20040412|20040412|INDOBQ12|TAR A/P DP MY HEARTS|T006
1|S36V|20040413|20040413|INDOBQ 07|TAR A/P WHT GLOWING|T007
1|S36V|20040413|20040413|INDOBQ07|TAR A/P WHT GLOWING|T007
1|S36V|20040805|20040805|INDOBQ 03|TAR A/P SWETNS GLRY|T008
1|S36V|20040805|20040805|INDOBQ03|TAR A/P SWETNS GLRY|T008
1|S36V|20074387|20074387|ART HB01|TAR A/P FRS FLO EX03|TP10
1|S3H9|20040953|20040953|SWHD 05|PROSPY J/T KMRA HD|PS17
1|S3H9|20040953|20040953|SWHD 07|PROSPY J/T KMRA HD|PS01
1|S3H9|20040953|20040953|SWHD 09|PROSPY J/T KMRA HD|PS02
1|S3H9|20040953|20040953|SWHD 10|PROSPY J/T KMRA HD|PS16
1|S3H9|20040954|20040954|SW 007|PROSPY J/T KMRA STNL|PS03
1|S3H9|20040954|20040954|SW 008|PROSPY J/T KMRA STNL|PS04
1|S3H9|20040954|20040954|SW 021|PROSPY J/T KMRA STNL|PS18
1|S3H9|20040954|20040954|SW 022 WHITE|PROSPY J/T KMRA STNL|PS19
1|S3H9|20040954|20040954|SWHD07|PROSPY J/T KMRA STNL|PS01
1|S3H9|20040955|20040955|SW 013|PROSPY J/T KMRA KULT|PS05
1|S3H9|20040955|20040955|SW013|PROSPY J/T KMRA KULT|PS05
1|S3H9|20040955|20040955||PROSPY J/T KMRA KULT|
1|S3H9|20040956|20040956|SW 019|PROSPY J/T KMRA KRET|PS06
1|S3H9|20040956|20040956|SW019|PROSPY J/T KMRA KRET|PS06
1|S3H9|20040957|20040957|BLACK GOLD|PROSPY PEN KMRA 720P|PS07
1|S3H9|20040957|20040957|BLACK SILVER|PROSPY PEN KMRA 720P|PS08
1|S3H9|20040958|20040958|BLACK GOLD|PROSPY PEN KMR MP 10|PS09
1|S3H9|20040958|20040958|BLACK SILVER|PROSPY PEN KMR MP 10|PS10
1|S3H9|20043980|20043980|BUTTON 4GB|PROSPY KANCING KMERA|PS11
1|S3H9|20043981|20043981|808|PROSPY CAR KEY KMERA|PS12
1|S3H9|20043982|20043982|GLASSES SG770|PROSPY KC/MATA KMERA|PS13
1|S3H9|20043983|20043983|SW 020|PROSPY J/T KMRA ST B|PS14
1|S3H9|20043984|20043984|SW017|PROSPY J/T KMR KRT B|PS15
1|S4A9|20044628|20044628|BIRU|PURE IT DISP M05 23L|PI01
1|S4A9|20044628|20044628|MAROON|PURE IT DISP M05 23L|PI02
1|S4A9|20044629|20044629|FILTER|PURE GERMKILL FILTER|PI03
1|S4HP|20047300|20047300|PERSONAL|POPSO PERSONAL PCK|PO01
1|S4HP|20047301|20047301|FAMILY|POPSO BKS FAMILY PCK|PO02
1|S4HP|20047302|20047302|PARTY|POPSO BKSO PARTY PCK|PO03
1|S4HP|20047303|20047303|READY TO EAT PACKAGE|POPSO BKS RDY TO EAT|PO04
1|S4JB|20045723|20045723|SET|COOKWARE S/STEEL SET|CW01
1|S4XE|20046985|20046985|DECODER|ORANGE TV DCODER P&P|OT02
1|S59R|20047387|20047387|DINNER SET|PRCL CRNVL P/RMN SET|PL01
1|S59R|20047388|20047388|GLORY DINNER|PRCL CRNVL GLR/D SET|PL02
1|S59R|20047389|20047389|STRIPES BLACK&WHITE|PRCL CRNVL STRPS B&W|PL03
1|S59R|20047390|20047390|GLORY GREEN|PRCL CRNVL GLORY GRN|PL04
1|S59R|20047391|20047391|GLORY BROWN|PRCL CRNVL GLORY BRW|PL05
1|S59R|20047392|20047392|VENETIAN|PRCL CRNVL VENETIAN|PL06
1|S59R|20047393|20047393|PLATINUM ROMAN|PRCL CRNVL P/RMN BOX|PL07
1|S59R|20047394|20047394|INFINITE|PRCL CRNVL INFINITE|PL08
1|S5HB|20048534|20048534|30 KALENG|R/Z SPR QRBN KMB KRN|RZ01
1|S5HB|20048534|20048534|KORNET KAMBING|R/Z SPR QRBN KMB KRN|RZ01
1|S5HB|20048535|20048535|350 KALENG|R/Z SPR QRBN SPI KRN|RZ02
1|S5HB|20048535|20048535|KORNET SAPI|R/Z SPR QRBN SPI KRN|RZ02
1|S5HB|20048536|20048536|KAMBING|R/ZAKAT QURBAN KMBNG|RZ03
1|S5HB|20048537|20048537|SAPI|R/ZAKAT QURBAN SAPI|RZ04
1|S5KE|20048950|20048950|TWO HEARTS|BUNGA/N TWO HEARTS|BN01
1|S5P7|20049604|20049604|W-1B|WINN/G KMP PORT W-1B|WG01
1|S5P7|20049605|20049605|W-3800|WINN/G KMP PRT W3800|WG02
1|S5P7|20049606|20049606|W-688|WINN/G KMP KC 2T 688|WG03
1|S5P7|20049607|20049607|W-888|WINN/G KMP KC 2T 888|WG04
1|S5P7|20049608|20049608|W-628|WINN/G KMP 2TKU W628|WG05
1|S5P7|20054058|20054058|628 BAZAR|WINN/G KMP 2T W628 B|WG06
1|S5P7|20054059|20054059|668A BAZAR|WIN/G KM 2T/K 668A B|WG07
1|S5P7|20054060|20054060|668 BAZAR|WIN/G KMP 2T/K 668 B|WG08
1|S5P7|20054061|20054061|688 BAZAR|WINN/G KMP 2T 688 BZ|WG09
1|S5P7|20054062|20054062|W3500 BAZAR|WIN/G KMP PORT3500 B|WG10
1|S5P7|20054063|20054063|1.82 BAZAR|WINN/G SLNG&REG 1.82|WG11
1|S5P7|20054064|20054064|1.18 BAZAR|WINN/G SLNG&REG 1.18|WG12
1|S5PK|20049987|20049987|BLACK|TUCANO BAG MO2V BLCK|TC01
1|S5PK|20049988|20049988|BLUE|TUCANO BAG MO2V BLUE|TC02
1|S5PK|20049990|20049990|BLACK|TUCANO FN BFIXS BLCK|TC03
1|S5PK|20049991|20049991|BROWN|TUCANO FN BFIXS-M BR|TC04
1|S5PK|20049992|20049992|BLACK|TUCANO S/C BDRV BLCK|TC05
1|S5PK|20049995|20049995|BLUE|TUCANO S/C BDRV-B BL|TC06
1|S5PK|20049997|20049997|EVO|SKROSS ADP EVO W/USB|SK01
1|S5PK|20049999|20049999|UERO|SKROSS EURO USB/CHR|SK02
1|S5PK|20050000|20050000|WORLD|SKROSS WORL USB/CHR|SK03
1|S5PK|20050001|20050001|MIDGET DUAL|SKROSS MDGT DUAL USB|SK04
1|S6AI|20052595|20052595|EXCESSIVE RED 9403-1|SHEAFFER VFM ROL BAL|SF03
1|S6AI|20052595|20052595|MATTE BLACK 9405-1|SHEAFFER VFM ROL BAL|SF04
1|S6AI|20052595|20052595|MAXIMUM ORANGE 9409-1|SHEAFFER VFM ROL BAL|SF05
1|S6AI|20052595|20052595|NEON BLUE 9401-1|SHEAFFER VFM ROL BAL|SF02
1|S6AI|20052595|20052595|STROBE SILVER 9400-1|SHEAFFER VFM ROL BAL|SF01
1|S6AI|20052596|20052596|EXCESSIVE RED 9403-2|SHEAFFER VFM BLPOINT|SF08
1|S6AI|20052596|20052596|MATTE BLACK 9405-2|SHEAFFER VFM BLPOINT|SF09
1|S6AI|20052596|20052596|MAXIMUM ORANGE 9409-2|SHEAFFER VFM BLPOINT|SF10
1|S6AI|20052596|20052596|NEON BLUE 9401-2|SHEAFFER VFM BLPOINT|SF07
1|S6AI|20052596|20052596|STROBE SILVER 9400-2|SHEAFFER VFM BLPOINT|SF06
1|S6AI|20052597|20052597|BRUSH CHROME 9306-1|SHEAFFER 100 ROL BAL|SF11
1|S6AI|20052597|20052597|MATTE BLACK 9317-1|SHEAFFER 100 ROL BAL|SF12
1|S6AI|20052597|20052597|MATTE BLUE 9318-1|SHEAFFER 100 ROL BAL|SF13
1|S6AI|20052597|20052597|MATTE GREY 9319-1|SHEAFFER 100 ROL BAL|SF14
1|S6AI|20052598|20052598|BRUSH CHROME 9306-2|SHEAFFER 100 BLPOINT|SF15
1|S6AI|20052598|20052598|MATTE BLACK 9317-2|SHEAFFER 100 BLPOINT|SF16
1|S6AI|20052598|20052598|MATTE BLUE 9318-2|SHEAFFER 100 BLPOINT|SF17
1|S6AI|20052598|20052598|MATTE GREY 9319-2|SHEAFFER 100 BLPOINT|SF18
1|S6AI|20052599|20052599|FT GOLD TONE 9322-1|SHEAFFER 100 RB G/B|SF19
1|S6AI|20052600|20052600|FT GOLD TONE 9322-2|SHEAFFR 100 BPNT G/B|SF20
1|S6AI|20052601|20052601|GLOSSY BLACK CORSA F9502-1|SHEAFFER FER 100 R/B|SF22
1|S6AI|20052601|20052601|ROSSO CORSA F9501-1|SHEAFFER FER 100 R/B|SF21
1|S6AI|20052603|20052603|GLOSSY BLACK CORSA F9502-2|SHEAFFR FER100 BLPNT|SF24
1|S6AI|20052603|20052603|ROSSO CORSA F9501-2|SHEAFFR FER100 BLPNT|SF23
1|S6AI|20052605|20052605|ROSSO CORSA F9500-2|SHEAFFER FERRARI VFM|SF25
1|S6AJ|20052184|20052184|CAPUCCINO+CHOCOLATE|CPCAKES REG 6S R/V+C|CC05
1|S6AJ|20052184|20052184|CAPUCCINO+STRAWBERRY|CPCAKES REG 6S R/V+C|CC04
1|S6AJ|20052184|20052184|RED VELVET+CHOCOLATE|CPCAKES REG 6S R/V+C|CC03
1|S6AJ|20052184|20052184|RED VELVET+STRAWBERRY|CPCAKES REG 6S R/V+C|CC02
1|S6AJ|20052184|20052184|STRAWBERRY+CHOCOLATE|CPCAKES REG 6S R/V+C|CC06
1|S6AJ|20052188|20052188|CAPUCCINO|CUPCAKES GIANT R/VLV|CC10
1|S6AJ|20052188|20052188|DOUBLE CHOCOLATE|CUPCAKES GIANT R/VLV|CC12
1|S6AJ|20052188|20052188|VERY STRAWBERRY|CUPCAKES GIANT R/VLV|CC11
1|S6C2|20052262|20052262|PAKET TRAVEL A|TRAVEL WITH US PKT A|TW01
1|S6C2|20052263|20052263|WITH TRAVEL ADAPTER 5C BLUE|TRAVEL WITH US PKT B|TW02
1|S6C2|20052263|20052263|WITH TRAVEL ADAPTER 5C GREEN|TRAVEL WITH US PKT B|TW06
1|S6C2|20052263|20052263|WITH TRAVEL ADAPTER 5C ORANGE|TRAVEL WITH US PKT B|TW03
1|S6C2|20052263|20052263|WITH TRAVEL ADAPTER 5C PINK|TRAVEL WITH US PKT B|TW05
1|S6C2|20052263|20052263|WITH TRAVEL ADAPTER 5C WHITE|TRAVEL WITH US PKT B|TW04
1|S6C2|20052263|20052263||TRAVEL WITH US PKT B|
1|S6C2|20052264|20052264|PAKET TRAVEL C|TRAVEL WITH US PKT C|TW07
1|S6C2|20052264|20052264|WITH TRAVEL ADAPTER 5C BLUE|TRAVEL WITH US PKT C|TW03
1|S6C2|20052264|20052264|WITH TRAVEL ADAPTER 5C GREEN|TRAVEL WITH US PKT C|TW07
1|S6C2|20052264|20052264|WITH TRAVEL ADAPTER 5C ORANGE|TRAVEL WITH US PKT C|TW20
1|S6C2|20052264|20052264|WITH TRAVEL ADAPTER 5C PINK|TRAVEL WITH US PKT C|TW06
1|S6C2|20052264|20052264|WITH TRAVEL ADAPTER 5C WHITE|TRAVEL WITH US PKT C|TW05
1|S6C2|20052265|20052265|BLACK|TRAVEL W/US PB 15000|TW11
1|S6C2|20052265|20052265|BLUE|TRAVEL W/US PB 15000|TW09
1|S6C2|20052265|20052265|RED|TRAVEL W/US PB 15000|TW08
1|S6C2|20052265|20052265|WHITE|TRAVEL W/US PB 15000|TW10
1|S6C2|20052266|20052266|BLACK|TRAVEL W/US PB 28000|TW15
1|S6C2|20052266|20052266|BLUE|TRAVEL W/US PB 28000|TW13
1|S6C2|20052266|20052266|RED|TRAVEL W/US PB 28000|TW12
1|S6C2|20052266|20052266|WHITE|TRAVEL W/US PB 28000|TW14
1|S6FK|20052699|20052699|SIZE L|NIKE JERSY BRZL AWAY|NE03
1|S6FK|20052699|20052699|SIZE M|NIKE JERSY BRZL AWAY|NE02
1|S6FK|20052699|20052699|SIZE S|NIKE JERSY BRZL AWAY|NE01
1|S6FK|20052699|20052699|SIZE XL|NIKE JERSY BRZL AWAY|NE04
1|S6FK|20052700|20052700|SIZE L|NIKE JERSY BLND AWAY|NE07
1|S6FK|20052700|20052700|SIZE M|NIKE JERSY BLND AWAY|NE06
1|S6FK|20052700|20052700|SIZE S|NIKE JERSY BLND AWAY|NE05
1|S6FK|20052700|20052700|SIZE XL|NIKE JERSY BLND AWAY|NE08
1|S6FK|20052701|20052701|SIZE L|NIKE JERSY INGR AWAY|NE11
1|S6FK|20052701|20052701|SIZE M|NIKE JERSY INGR AWAY|NE10
1|S6FK|20052701|20052701|SIZE S|NIKE JERSY INGR AWAY|NE09
1|S6FK|20052701|20052701|SIZE XL|NIKE JERSY INGR AWAY|NE12
1|S6FK|20052702|20052702|SIZE L|NIKE JERSY PRNC AWAY|NE15
1|S6FK|20052702|20052702|SIZE M|NIKE JERSY PRNC AWAY|NE14
1|S6FK|20052702|20052702|SIZE S|NIKE JERSY PRNC AWAY|NE13
1|S6FK|20052702|20052702|SIZE XL|NIKE JERSY PRNC AWAY|NE16
1|S6FK|20052703|20052703|SIZE L|NIKE JERSY PRNC HOME|NE19
1|S6FK|20052703|20052703|SIZE M|NIKE JERSY PRNC HOME|NE18
1|S6FK|20052703|20052703|SIZE S|NIKE JERSY PRNC HOME|NE17
1|S6FK|20052703|20052703|SIZE XL|NIKE JERSY PRNC HOME|NE20
1|S6FK|20052704|20052704|SIZE L|NIKE JERSY BRZL HOME|NE23
1|S6FK|20052704|20052704|SIZE M|NIKE JERSY BRZL HOME|NE22
1|S6FK|20052704|20052704|SIZE S|NIKE JERSY BRZL HOME|NE21
1|S6FK|20052704|20052704|SIZE XL|NIKE JERSY BRZL HOME|NE24
1|S6FK|20052705|20052705|SIZE L|NIKE JERSY PTGL HOME|NE27
1|S6FK|20052705|20052705|SIZE M|NIKE JERSY PTGL HOME|NE26
1|S6FK|20052705|20052705|SIZE S|NIKE JERSY PTGL HOME|NE25
1|S6FK|20052705|20052705|SIZE XL|NIKE JERSY PTGL HOME|NE28
1|S6FK|20052706|20052706|SIZE L|NIKE JERSY BLND HOME|NE31
1|S6FK|20052706|20052706|SIZE M|NIKE JERSY BLND HOME|NE30
1|S6FK|20052706|20052706|SIZE S|NIKE JERSY BLND HOME|NE29
1|S6FK|20052706|20052706|SIZE XL|NIKE JERSY BLND HOME|NE32
1|S6FK|20052706|20052706||NIKE JERSY BLND HOME|
1|S6FK|20052707|20052707|SIZE L|NIKE JERSY INGR HOME|NE35
1|S6FK|20052707|20052707|SIZE M|NIKE JERSY INGR HOME|NE34
1|S6FK|20052707|20052707|SIZE S|NIKE JERSY INGR HOME|NE33
1|S6FK|20052707|20052707|SIZE XL|NIKE JERSY INGR HOME|NE36
1|S6FK|20052708|20052708|SIZE L|NIKE PRNCS PRE-MATCH|NE39
1|S6FK|20052708|20052708|SIZE M|NIKE PRNCS PRE-MATCH|NE38
1|S6FK|20052708|20052708|SIZE S|NIKE PRNCS PRE-MATCH|NE37
1|S6FK|20052708|20052708|SIZE XL|NIKE PRNCS PRE-MATCH|NE40
1|S6FK|20052709|20052709|SIZE L|NIKE BRZIL PRE-MATCH|NE43
1|S6FK|20052709|20052709|SIZE M|NIKE BRZIL PRE-MATCH|NE42
1|S6FK|20052709|20052709|SIZE S|NIKE BRZIL PRE-MATCH|NE41
1|S6FK|20052709|20052709|SIZE XL|NIKE BRZIL PRE-MATCH|NE44
1|S6FK|20052710|20052710|SIZE L|NIKE BLND TRNING TOP|NE47
1|S6FK|20052710|20052710|SIZE M|NIKE BLND TRNING TOP|NE46
1|S6FK|20052710|20052710|SIZE S|NIKE BLND TRNING TOP|NE45
1|S6FK|20052710|20052710|SIZE XL|NIKE BLND TRNING TOP|NE48
1|S6FK|20052711|20052711|SIZE L|NIKE INGR TRNING TOP|NE51
1|S6FK|20052711|20052711|SIZE M|NIKE INGR TRNING TOP|NE50
1|S6FK|20052711|20052711|SIZE S|NIKE INGR TRNING TOP|NE49
1|S6FK|20052711|20052711|SIZE XL|NIKE INGR TRNING TOP|NE52
1|S6FK|20052712|20052712|SIZE L|NIKE T-SHIRT PRANCIS|NE55
1|S6FK|20052712|20052712|SIZE M|NIKE T-SHIRT PRANCIS|NE54
1|S6FK|20052712|20052712|SIZE S|NIKE T-SHIRT PRANCIS|NE53
1|S6FK|20052712|20052712|SIZE XL|NIKE T-SHIRT PRANCIS|NE56
1|S6FK|20052713|20052713|SIZE L|NIKE T-SHIRT BELANDA|NE59
1|S6FK|20052713|20052713|SIZE M|NIKE T-SHIRT BELANDA|NE58
1|S6FK|20052713|20052713|SIZE S|NIKE T-SHIRT BELANDA|NE57
1|S6FK|20052713|20052713|SIZE XL|NIKE T-SHIRT BELANDA|NE60
1|S6FK|20052714|20052714|SIZE L|NIKE T-SHIRT BRAZIL|NE63
1|S6FK|20052714|20052714|SIZE M|NIKE T-SHIRT BRAZIL|NE62
1|S6FK|20052714|20052714|SIZE S|NIKE T-SHIRT BRAZIL|NE61
1|S6FK|20052714|20052714|SIZE XL|NIKE T-SHIRT BRAZIL|NE64
1|S6FK|20052715|20052715|SIZE L|NIKE T-SHIRT INGGRIS|NE67
1|S6FK|20052715|20052715|SIZE M|NIKE T-SHIRT INGGRIS|NE66
1|S6FK|20052715|20052715|SIZE S|NIKE T-SHIRT INGGRIS|NE65
1|S6FK|20052715|20052715|SIZE XL|NIKE T-SHIRT INGGRIS|NE68
1|S6FK|20052716|20052716|BRAZIL|NIKE TOPI PCS|NE70
1|S6FK|20052716|20052716|INGGRIS|NIKE TOPI PCS|NE71
1|S6FK|20052716|20052716|PERANCIS|NIKE TOPI PCS|NE69
1|S6FK|20052717|20052717|BELANDA|NIKE SUPPORTER BALL|NE73
1|S6FK|20052717|20052717|BRAZIL|NIKE SUPPORTER BALL|NE72
1|S6FK|20052717|20052717|INGGRIS|NIKE SUPPORTER BALL|NE74
1|S6FK|20052717|20052717|PERANCIS|NIKE SUPPORTER BALL|NE75
1|S6FK|20052718|20052718|BELANDA|NIKE SKILL BALL PCS|NE77
1|S6FK|20052718|20052718|BRAZIL|NIKE SKILL BALL PCS|NE76
1|S6FK|20052718|20052718|INGGRIS|NIKE SKILL BALL PCS|NE78
1|S6FK|20052718|20052718|PERANCIS|NIKE SKILL BALL PCS|NE79
1|S6FK|20054483|20054483|BAZAR|NIKE POLO MATHC 010|NE80
1|S6FK|20054484|20054484|BAZAR|NIKE POLO MATHC 100|NE81
1|S6FK|20054485|20054485|BAZAR|NIKE POLO SHIRT 010|NE82
1|S6FK|20054486|20054486|BAZAR|NIKE POLO SHIRT 602|NE83
1|S6FK|20054487|20054487|BAZAR|NIKE JCKT C/HDY 5246|NE84
1|S6FK|20054488|20054488|BAZAR|NIKE JCKT C/HDY 5630|NE85
1|S6FK|20054489|20054489|BAZAR|NIKE T-SHR T/JDI 063|NE86
1|S6FK|20054490|20054490|BAZAR|NIKE T-SHR T/JDI 401|NE87
1|S6FK|20054491|20054491|BAZAR|NIKE JRSY PARK V 010|NE88
1|S6FK|20054492|20054492|BAZAR|NIKE JRSY PARK V 302|NE89
1|S6FK|20054493|20054493|BAZAR|NIKE JRSY PARK V 410|NE90
1|S6FK|20054494|20054494|BAZAR|NIKE JRSY PARK V 657|NE91
1|S6FK|20054495|20054495|BAZAR|NIKE JRSY PARK V 739|NE92
1|S6FK|20054496|20054496|BAZAR|NIKE POLO/S TS/CR451|NE93
1|S6FK|20054497|20054497|BAZAR|NIKE T-SHR AS T-C010|NE94
1|S6FK|20054498|20054498|BAZAR|NIKE T-SHR AS T-C101|NE95
1|S6FK|20054499|20054499|BAZAR|NIKE T-SHR AS T-C418|NE96
1|S6FK|20054500|20054500|BAZAR|NIKE T-SHR ENT CR063|NE97
1|S6FK|20054501|20054501|BAZAR|NIKE T-SHR ENT CR410|NE98
1|S6FK|20054502|20054502|BAZAR|NIKE T-SHR ENT CR100|NE99
1|S6FK|20054503|20054503|BAZAR|NIKE T-SHR ENT CR657|NE01
1|S6FK|20054504|20054504|BAZAR|NIKE SPT BADMNTN 104|NE02
1|S6FK|20054505|20054505|BAZAR|NIKE SPT BSKT OV 015|NE03
1|S6FK|20054506|20054506|BAZAR|NIKE SPT BSKT OV 113|NE04
1|S6FK|20054507|20054507|BAZAR|NIKE SPT BSKT OV 075|NE05
1|S6FK|20054508|20054508|BAZAR|NIKE SPT BSKT OV 020|NE06
1|S6FK|20054509|20054509|BAZAR|NIKE SNDL BS SCR 076|NE07
1|S6FK|20054510|20054510|BAZAR|NIKE SNDL BS SCR 401|NE08
1|S6FK|20054511|20054511|BAZAR|NIKE SNDL BS SCR 416|NE09
1|S6FK|20054512|20054512|BAZAR|NIKE SPT JR LBRT 018|NE10
1|S6FK|20054513|20054513|BAZAR|NIKE SPT JR ELST 766|NE11
1|S6FK|20054514|20054514|BAZAR|NIKE SPT EGOLI FG101|NE12
1|S6FK|20054515|20054515|BAZAR|NIKE SPT EGOLI FG400|NE13
1|S6FK|20054516|20054516|BAZAR|NIKE SPT EGOLI FG801|NE14
1|S6FK|20054517|20054517|BAZAR|NIKE SPT JR MDO FG-R|NE15
1|S6FK|20054518|20054518|BAZAR|NIKE SPT MEDIO FG004|NE16
1|S6FK|20054519|20054519|BAZAR|NIKE SPT T90 SHT 703|NE17
1|S6FK|20054520|20054520|BAZAR|NIKE SPT T90 SHT 060|NE18
1|S6FK|20054521|20054521|BAZAR|NIKE SPT TM RIO FG-R|NE19
1|S6FK|20054522|20054522|BAZAR|NIKE SPT T/RIO IC001|NE20
1|S6FK|20054523|20054523|BAZAR|NIKE SPT T/RIO IC703|NE21
1|S6FK|20054524|20054524|BAZAR|NIKE SPT T/NATRL 001|NE22
1|S6FK|20054525|20054525|BAZAR|NIKE SPT T/NATRL 013|NE23
1|S6FK|20054526|20054526|BAZAR|NIKE SPT T/NATRL 080|NE24
1|S6FK|20054527|20054527|BAZAR|NIKE SPT T/NATRL 618|NE25
1|S6FK|20054528|20054528|BAZAR|NIKE SPT T/NATRL 703|NE26
1|S6FK|20054529|20054529|BAZAR|NIKE SPT JR ENGNC303|NE27
1|S6FK|20054530|20054530|BAZAR|NIKE BG/M WTR BTL493|NE28
1|S6FK|20054531|20054531|BAZAR|NIKE BG/M WTR BTL605|NE29
1|S6FK|20054532|20054532|BAZAR|NIKE BG/M WTR BTL641|NE30
1|S6FK|20054533|20054533|BAZAR|NIKE SPORT/E BTL 020|NE31
1|S6FK|20054534|20054534|BAZAR|NIKE SPORT/E BTL 040|NE32
1|S6FK|20054535|20054535|BAZAR|NIKE SPORT/E BTL 602|NE33
1|S6FK|20054536|20054536|BAZAR|NIKE SPORT/E BTL 901|NE34
1|S6FL|20052585|20052585|UNIVERSAL STUDIO|ROTAMA/T DP TRVL SGD|RT01
1|S6FL|20052586|20052586|KUALA LUMPUR|RTM/T DP TRVL KL-MLY|RT02
1|S6FL|20052587|20052587|BALI|RTM/T DP TRVL BALI|RT03
1|S6FL|20052588|20052588|YOGYAKARTA|ROTAMA/T DP TRVL JGY|RT04
1|S6FL|20052589|20052589|DANAU TOBA|RTM/T DP TRVL MDN-DT|RT05
1|S6FL|20052590|20052590|LEGOLAND|RTM/T DP TRV JBL-MLY|RT06
1|S6FL|20052591|20052591|P. BIDADARI|RTM/T DP TRVL P.BDR|RT07
1|S6FL|20052592|20052592|P. AYER|RTM/T DP TRVL P.ANYR|RT08
1|S6FL|20052593|20052593|MINANGKABAU|RTM/T DP TRV C/MNGKB|RT09
1|S6JV|20052958|20052958|PAKET PUAS|N/H AQIQAH PKT PUAS|NH01
1|S6JV|20052959|20052959|PAKET SUPER|N/H AQIQAH PKT SUPER|NH02
1|S6JV|20052960|20052960|PAKET ISTIMEWA|N/H AQIQAH PKT ISTMW|NH03
1|S6JV|20052961|20052961|PAKET NIKMAT|N/H NASI/B PKT NKMT|NH04
1|S6JV|20052962|20052962|PAKET ARAB|N/H NASI/B PKT ARAB|NH05
1|SO91|20013944|20013944|STRAWBWRY LLUSION|LUMIERE ICE STW/ILSN|L002
1|SO91|20013946|20013946|PERSONAL DELIGHT|LUMIERE ICE PSL DLGT|L004
1|SP21|20011056|20011056|CHOCOLATE|CAMPINA ICE CAKE CHO|C001
1|SP21|20011057|20011057|STRAWBERRY|CAMPINA ICE CAKE STW|C002
1|SP21|20015186|20015186|BLACK FOREST|CAMPINA ICE BLCK FRS|C003
1|SP21|20021567|20021567|TIRAMISU|CAMPINA ICE TIRAMISU|C004
1|SP21|20028307|20028307|CHOCO|CAMPINA ICE SH/CHOCO|C005
1|SP21|20038045|20038045|BANANA MOON|CMPNA ICE CAKE BNANA|C006
1|SP21|20045189|20045189|SPONGEBOB|CMPNA ICE CAKE SPNGB|C007
1|SR89|20011056|20011056|CHOCOLATE|CAMPINA ICE CAKE CHO|C001
1|SR89|20011057|20011057|STRAWBERY|CAMPINA ICE CAKE STW|C002
1|SR89|20015186|20015186|BLACK FOREST|CAMPINA ICE BLCK FRS|C003
1|SR89|20015586|20015586|BLACK FOREST|HOLLAND BLACK FOREST|HB01
1|SR89|20015586|20015586|TART BLACK FOREST ( 17CM )|HOLLAND BLACK FOREST|HB01
1|SR89|20015586|20015586|TART BLACK FOREST (17CM)|HOLLAND BLACK FOREST|HB01
1|SR89|20015587|20015587|LEMON|HOLLAND LEMON TART|HB02
1|SR89|20015587|20015587|TART LEMON ( 17 CM )|HOLLAND LEMON TART|HB02
1|SR89|20015587|20015587|TART LEMON (17CM)|HOLLAND LEMON TART|HB02
1|SR89|20015588|20015588|MOCCA|HOLLAND MOCCA TART|HB03
1|SR89|20015588|20015588|TART MOCCA ( 17 CM )|HOLLAND MOCCA TART|HB03
1|SR89|20015588|20015588|TART MOCCA (17CM)|HOLLAND MOCCA TART|HB03
1|SR89|20021567|20021567|TIRAMISU|CAMPINA ICE TIRAMISU|C004
1|SR89|20022652|20022652|MICKEY|H/B TART DISNEY MCKY|HB04
1|SR89|20022652|20022652|MICKEY (17CM)|H/B TART DISNEY MCKY|HB04
1|SR89|20022652|20022652|TART DISNEY  MICKEY (17 CM)|H/B TART DISNEY MCKY|HB04
1|SR89|20022686|20022686|AURORA|H/B TART DSNEY P.SLJ|HB05
1|SR89|20022686|20022686|PUTRI SALJU (17CM)|H/B TART DSNEY P.SLJ|HB05
1|SR89|20022686|20022686|TART DISNEY PUTRI SALJU (17CM)|H/B TART DSNEY P.SLJ|HB05
1|SY01|20060001|20060001|BESAR 1202-0251|A/N TAS RNSL 0251 BS|AD004
1|SZKF|20039101|20039101|1100D|CANON DSLR EOS 1100D|CN56
1|SZKF|20047134|20047134|BLACK|CANON CMR P/S A2500|CN02
1|SZKF|20047134|20047134|RED|CANON CMR P/S A2500|CN01
1|SZKF|20047134|20047134|SILVER|CANON CMR P/S A2500|CN03
1|SZKF|20047135|20047135|BLACK|CANON CMR P/S A2600|CN05
1|SZKF|20047135|20047135|PINK|CANON CMR P/S A2600|CN04
1|SZKF|20047135|20047135|SILVER|CANON CMR P/S A2600|CN06
1|SZKF|20047136|20047136|BLACK|CANON CMR PS SX500IS|CN12
1|SZKF|20047137|20047137|BLUE|CANON CMR IXUS 132|CN07
1|SZKF|20047137|20047137|PINK|CANON CMR IXUS 132|CN08
1|SZKF|20047137|20047137|SILVER|CANON CMR IXUS 132|CN09
1|SZKF|20047138|20047138|BLACK|CANON CMR IXUS 135|CN10
1|SZKF|20047139|20047139|SILVER|CANON CMR IXUS 140|CN11
1|SZKF|20047142|20047142|CP810|CANON PRNT SLP CP810|CN13
1|SZKF|20047144|20047144|600D|CANON DSLR 600D W/LN|CN14
1|SZKF|20047146|20047146|8GB|SANDISK M/ULTRA 8GB|CN16
1|SZKF|20047147|20047147|16GB|SANDISK M/ULTRA 16GB|CN17
1|SZKF|20047148|20047148|32GB|SANDISK M/ULTRA 32GB|CN18
1|SZR8|20015588|20015588|MOCCA|HOLLAND MOCCA TART|HB05
1|SZR8|20022686|20022686|PUTRI SALJU|H/B TART DSNEY P.SLJ|HB5
|S1GY|20033333|20033333|MATRASS ECONOMY 160X200CM|A/LND MAT ECO160X200|AL05
|S1GY|20033335|20033335|BED SET ECONOMY 160X200CM|A/LND SET ECO160X200|AL07
|S1GY|20033338|20033338|MATRASS 101 180X200CM|A/LND MAT101 180X200|AL10
|S1GY|20033340|20033340|BED SET 101 180X200CM|A/LND SET101 180X200|AL12
|S1HA|20033502|20033502|7 LITER|ISA E/PRESSR COOK 7L|ISA1
|S2BQ|20035965|20035965|BLUEBERRY CHOCO|FRESH/C IDM BLUE CHO|F001
|S2BQ|20035966|20035966|STRAWBERRY DELIGHT|FRESH/C IDM STRW DEL|F002
|S2BQ|20035967|20035967|AMERICAN CHOCO|FRESH/C IDM AMRC CHO|F003
|S2BQ|20035968|20035968|BLACK FOREST|FRESH/C IDM BLAK FRS|F004
|S2BQ|20036774|20036774|BULAT 18CM|F/CRM IDM STRW 18CM|F005
|S2BQ|20036775|20036775|BULAT 18CM|F/CRM IDM CHOCO 18CM|F006
|S36V|20040407|20040407|INDOBQ 01|TAR A/P I ADORE YOU|TP01
|S36V|20040408|20040408|INDOBQ 02|TAR A/P WRMNG HEARTS|TP02
|S36V|20040413|20040413|INDOBQ 03|TAR A/P WHT GLOWING|TP03
|S36V|20056913|20056913|INDOBQ 04|TAR A/P HLARIOUS RED|TP04
|S36V|20056914|20056914|INDOSF 01|TAR A/P CONGRAT STDG|TP05
|S36V|20056915|20056915|INDOSF 02|TAR A/P CONDLNC STDG|TP06
|S36V|20056916|20056916|INDOSW 01|TAR A/P CONGRAT STCK|TP07
|S36V|20056917|20056917|INDOSW 02|TAR A/P WEDDING STCK|TP08
|S36V|20056918|20056918|INDOSW 03|TAR A/P CONDLNC STCK|TP09
|S36V|20074352|20074352|ART HB01|TAR A PRTER ART HB01|TP10
|S36V|20074379|20074379|ART WB02|TAR A PRTER ART WB02|TP11
|S36V|20074380|20074380|ART HP03|TAR A PRTER ART HP03|TP12
|S36V|20074381|20074381|ART FB05|TAR A PRTER ART FB05|TP13
|S36V|20074382|20074382|INDOTAP EXC 01|TAR A/P INDOTP EXC01|TP14
|S36V|20074383|20074383|INDOTAP EXC 02|TAR A/P INDOTP EXC02|TP15
|S36V|20074384|20074384|INDOTAP EXC 03|TAR A/P INDOTP EXC03|TP16
|S36V|20074385|20074385|FRESH FLOWER EXCLUSIVE 01|TAR A/P FRS FLO EX01|TP17
|S36V|20074386|20074386|FRESH FLOWER EXCLUSIVE 02|TAR A/P FRS FLO EX02|TP18
|S36V|20074387|20074387|FRESH FLOWER EXCLUSIVE 03|TAR A/P FRS FLO EX03|TP19
|S3XA|20043400|20043400|MINI FUN 10'S|HAAGEN-DAZS 10'S F/F|HD01
|S3XA|20043400|20043400||HAAGEN-DAZS 10'S F/F|
|S3XA|20043401|20043401|FAMILY PINT 3'S|HAAGEN-DAZS FMLY PNT|HD02
|S3XA|20043402|20043402|PARTY 100'S|HAAGEN/D 100'S PARTY|20043402
|S3XA|20043403|20043403|BELGIAN TWIRL, CHOCOLATE|HAAGEN-DAZS ICE CAKE|HD15
|S3XA|20043403|20043403|BELGIAN TWIRL, COFFEE|HAAGEN-DAZS ICE CAKE|HD14
|S3XA|20043403|20043403|BELGIAN TWIRL, STRAWBERRY|HAAGEN-DAZS ICE CAKE|HD13
|S3XA|20043403|20043403|BELGIAN TWIRL, VANILLA|HAAGEN-DAZS ICE CAKE|HD12
|S3XA|20043403|20043403|CHOCOLATE DEVILS, CHOCOLATE|HAAGEN-DAZS ICE CAKE|HD19
|S3XA|20043403|20043403|CHOCOLATE DEVILS, COFFEE|HAAGEN-DAZS ICE CAKE|HD18
|S3XA|20043403|20043403|CHOCOLATE DEVILS, STRAWBERRY|HAAGEN-DAZS ICE CAKE|HD17
|S3XA|20043403|20043403|CHOCOLATE DEVILS, VANILLA|HAAGEN-DAZS ICE CAKE|HD16
|S3XA|20043403|20043403|CHRISMAST CHAIN|HAAGEN-DAZS ICE CAKE|HD24
|S3XA|20043403|20043403|PASSION SENSATION, CHOCOLATE|HAAGEN-DAZS ICE CAKE|HD23
|S3XA|20043403|20043403|PASSION SENSATION, COFFEE|HAAGEN-DAZS ICE CAKE|HD22
|S3XA|20043403|20043403|PASSION SENSATION, STRAWBERRY|HAAGEN-DAZS ICE CAKE|HD21
|S3XA|20043403|20043403|PASSION SENSATION, VANILLA|HAAGEN-DAZS ICE CAKE|HD20
|S3XA|20043403|20043403|STAR OF WISDOM|HAAGEN-DAZS ICE CAKE|HD25
|S3XA|20043403|20043403|STRAWBERRY FEVER, CHOCOLATE|HAAGEN-DAZS ICE CAKE|HD11
|S3XA|20043403|20043403|STRAWBERRY FEVER, COFFEE|HAAGEN-DAZS ICE CAKE|HD10
|S3XA|20043403|20043403|STRAWBERRY FEVER, STRAWBERRY|HAAGEN-DAZS ICE CAKE|HD09
|S3XA|20043403|20043403|STRAWBERRY FEVER, VANILLA|HAAGEN-DAZS ICE CAKE|HD08
|S3XA|20043403|20043403|SWEET ROMANCE, CHOCOLATE|HAAGEN-DAZS ICE CAKE|HD07
|S3XA|20043403|20043403|SWEET ROMANCE, COFFEE|HAAGEN-DAZS ICE CAKE|HD06
|S3XA|20043403|20043403|SWEET ROMANCE, STRAWBERRY|HAAGEN-DAZS ICE CAKE|HD05
|S3XA|20043403|20043403|SWEET ROMANCE, VANILLA|HAAGEN-DAZS ICE CAKE|HD04
|S4JB|20054010|20054010|18 PC SET|PARMA TABLE 18PC SET|PM01
|S4JB|20054011|20054011|38 PC SET|PARMA TABLE 38PC SET|PM02
|S4JB|20054012|20054012|19 PC SET|PARMA TABLE 19PC SET|PM03
|S4XE|20046984|20046984|HEMAT|ORANGE TV PKT P&D KB|OT01
|S4XE|20048734|20048734|ALL CHANEL 12 BLN|ORG/TV D+P A/CHNL 12|OT03
|S4XE|20052270|20052270|DECODER + PARABOLA|KVISION PRBLA+DCRDR|KV01
|S4XE|20054407|20054407|C-BAND|ORG/TV DEC C-BAND CR|OT04
|S4XE|20056911|20056911|12 BLN|KVSION KU/B+A/C 12B|KV02
|S4XE|20056912|20056912|6 BLN|ORG TV KU/B+ALL/C 6B|OT05
|S5KE|20048952|20048952|SMILE ROSES|BUNGA/N SMILE ROSES|BN02
|S5KE|20048953|20048953|SYMPHONY OF LOVE|BUNGA/N SYM OF LOVE|BN03
|S5KE|20048954|20048954|SEXY ROSE|BUNGA/N SEXY ROSE|BN04
|S5KE|20048955|20048955|SUKA CITA B.PAPAN|B/N SUKA CT BNGA PPN|BN05
|S5KE|20048956|20048956|SELAMAT MENIKAH|B/N SLMT MNKH BG PPN|BN06
|S5KE|20048957|20048957|DUKA CITA B.PAPAN|B/N DUKA CT BNGA PPN|BN07
|S5KE|20048958|20048958|SUKA CITA B.BERDIRI|B/N SUKA CT BNG BRDR|BN08
|S5KE|20048959|20048959|DUKA CITA B.BERDIRI|B/N DUKA CT BNG BRDR|BN09
|S6AH|20052719|20052719|1000 WATT|LONCIN GNRTOR LC1800|LC01
|S6AH|20052720|20052720|1500 WATT|LONCIN GNRTOR LC2800|LC02
|S6AH|20052721|20052721|2000 WATT|LONCIN GNRTOR LC3800|LC03
|S6AH|20052722|20052722|2500 WATT|LONCIN GNRTOR LC4800|LC04
|S6AH|20052723|20052723|2000 WATT|LONCIN GNRTR 3800DDC|LC05
|S6AH|20052724|20052724|2500 WATT|LONCIN GNRTR 4800DDC|LC06
|S6AJ|20052184|20052184|+ CAPPUCINO|CPCAKES REG 6S R/V+C|CC01
|S6AJ|20052186|20052186|MIX 4 RASA|CUPCAKES RG 12'S 4RS|CC07
|S6AJ|20052187|20052187|MIX 4 RASA|CUPCAKES MN 12'S 4RS|CC08
|S6AJ|20052188|20052188|RED VELVET|CUPCAKES GIANT R/VLV|CC09
|S6AJ|20052570|20052570|CAPPUCCINO|CPCAKES GIANT CPUCNO|CC10
|S6AJ|20052571|20052571|VERY STRAWBERRY|CPCAKES GIANT V/STRW|CC11
|S6AJ|20052572|20052572|DOUBLE CHOCOLATE|CPCAKES GIANT D/CHOC|CC12
|S6AJ|20052573|20052573|+ STRAWBERRY|CPCAKES REG 6S R/V+S|CC02
|S6AJ|20052574|20052574|+ CHOCOLATE|CPCAKE REG 6S R/V+CO|CC03
|S6AJ|20052575|20052575|+ STRAWBERRY|CPCAKE REG 6S CP+STR|CC04
|S6AJ|20052576|20052576|+ CHOCOLATE|CPCAKE REG 6S CP+CHO|CC05
|S6AJ|20052577|20052577|+ CHOCOLATE|CPCAKE REG 6S STR+CO|CC06
|S6M6|20053356|20053356|1/2 PK|PNSONIC AC 5QKJ 1/2|PS01
|S6M6|20053357|20053357|3/4 PK|PNSONIC AC 7QKJ 3/4|PS02
|S6M6|20053358|20053358|1 PK|PNSONIC AC 9QKJ 1PK|PS03
|S6M6|20053359|20053359|1.5 PK|PNSONIC AC 12PKP 1.5|PS04
|S6PD|20053979|20053979|BLUE|ATRIA/S MEJA PERSEGI|AT02
|S6PD|20053979|20053979|GREEN|ATRIA/S MEJA PERSEGI|AT04
|S6PD|20053979|20053979|PURPLE|ATRIA/S MEJA PERSEGI|AT05
|S6PD|20053979|20053979|RED|ATRIA/S MEJA PERSEGI|AT01
|S6PD|20053979|20053979|YELLOW|ATRIA/S MEJA PERSEGI|AT03
|S6PD|20053980|20053980|BLUE|ATRIA/S KURSI 4U SET|AT07
|S6PD|20053980|20053980|GREEN|ATRIA/S KURSI 4U SET|AT09
|S6PD|20053980|20053980|PURPLE|ATRIA/S KURSI 4U SET|AT10
|S6PD|20053980|20053980|RED|ATRIA/S KURSI 4U SET|AT06
|S6PD|20053980|20053980|YELLOW|ATRIA/S KURSI 4U SET|AT08
|S6PD|20053981|20053981|BLUE|ATRIA/S MEJA PRSG/PJ|AT12
|S6PD|20053981|20053981|GREEN|ATRIA/S MEJA PRSG/PJ|AT14
|S6PD|20053981|20053981|PURPLE|ATRIA/S MEJA PRSG/PJ|AT15
|S6PD|20053981|20053981|RED|ATRIA/S MEJA PRSG/PJ|AT11
|S6PD|20053981|20053981|YELLOW|ATRIA/S MEJA PRSG/PJ|AT13
|S6PD|20053982|20053982|BLUE|ATRIA/S MEJA BULAT|AT17
|S6PD|20053982|20053982|GREEN|ATRIA/S MEJA BULAT|AT19
|S6PD|20053982|20053982|PURPLE|ATRIA/S MEJA BULAT|AT20
|S6PD|20053982|20053982|RED|ATRIA/S MEJA BULAT|AT16
|S6PD|20053982|20053982|YELLOW|ATRIA/S MEJA BULAT|AT18
|S6PD|20053983|20053983|BLUE|ATRIA/S MEJA LNGKUNG|AT22
|S6PD|20053983|20053983|GREEN|ATRIA/S MEJA LNGKUNG|AT24
|S6PD|20053983|20053983|PURPLE|ATRIA/S MEJA LNGKUNG|AT25
|S6PD|20053983|20053983|RED|ATRIA/S MEJA LNGKUNG|AT21
|S6PD|20053983|20053983|YELLOW|ATRIA/S MEJA LNGKUNG|AT23
|S6U3|20053988|20053988|BLUE|XMINI P/SPKR ME BLUE|XM01
|S6U3|20053989|20053989|BLACK|XMINI P/SPKR ME BLCK|XM02
|S6U3|20053990|20053990|RED|XMINI SPKR U/X15 RED|XM03
|S6U3|20053991|20053991|GUN METAL|XMINI SPKR U/X15 G/M|XM04
|S6U3|20053992|20053992|BLACK|XMINI SPKR XAM14 BLK|XM05
|S6U3|20053993|20053993|RED|XMINI SPKR XAM14 RED|XM06
|S6U3|20053994|20053994|SILVER|XMINI SPKR XAM14 SLV|XM07
|S6U3|20053995|20053995|HELLOKITTY|XMINI P/SPKR H/KITTY|XM08
|S6U3|20053996|20053996|SOFT JACKET|H/K IPHN5S/C CS 267A|HK01
|S6U3|20053997|20053997|HARDCASE|H/K IPHN5S CS 154KTE|HK02
|S6U3|20053998|20053998|SOFT JACKET|H/K IPHN5S/C CS 276A|HK03
|S6U3|20053999|20053999|SILICON JACKET|H/K IPHN5S CS 177KTA|HK04
|S6U3|20054000|20054000|SOFT JACKET|H/K SMSNGS4 CS226KTA|HK05
|S6U3|20054001|20054001|RED|FERRARI PB5000MAH RE|FR01
|S6U3|20054002|20054002|BLACK|FERRARI PB5000MAH BL|FR02
|S6U3|20054003|20054003|BLACK|FERRARI IPAD/MN CASE|FR03
|S6U3|20054004|20054004|RUBBER BOOK CASE|FERARI IPH5S/C CS-BL|FR04
|S6U3|20054005|20054005|PU LEATHER|FERRARI IPHN5 SLEEVE|FR05
|S6U3|20054006|20054006|RUBBER HARDCASE|FERARI IPH5S/C CS-RE|FR06
|S6U3|20054007|20054007|RUBBER HARDCASE|FERRARI IPHN5 CS-RE|FR07
|S6U3|20054008|20054008|RUBBER BOOK CASE|FERARI SMSGS4M CS BL|FR08
|S6U3|20054009|20054009|RUBBER BOOK CASE|FERARI SMSGS4M CS RE|FR09
|S74F|20054375|20054375|0.5 PK|DAIKIN AC ST15HEV1/2|DK01
|S74F|20054376|20054376|0.75 PK|DAIKIN AC ST20HEV3/4|DK02
|S74F|20054377|20054377|1 PK|DAIKIN AC ST25HEV1PK|DK03
|S74F|20054378|20054378|1.5 PK|DAIKIN AC ST35HEV1.5|DK04
|S74F|20054379|20054379|AIR PURIFIER|DAIKIN AIR PURIFIER|DK05
|S79C|20054568|20054568|22 INCH|LG LED TV 22" HITAM|LG01
|S79C|20054737|20054737|24 INCH|LG LED TV 24" HITAM|LG02
|S79C|20054738|20054738|28 INCH|LG LED TV 28" HITAM|LG03
|S79C|20054739|20054739|HITAM|FENDA SPKER V520 HTM|FD01
|S79C|20054740|20054740|HITAM|FENDA SPKER V620 HTM|FD02
|S79C|20054741|20054741|HITAM|FENDA SPKR F203U HTM|FD03
|S79C|20054742|20054742|HITAM|FENDA SPKER A111 HTM|FD04
|S7GO|20055344|20055344|24 INCH|SAMSUNG LED TV 24"|ST01
|S8EE|20059806|20059806|PINK|DICAPAC WPC1 4.8"PNK|DC001
|S8EE|20059807|20059807|YELLOW|DICAPAC WPC1 4.8"YLW|DC002
|S8EE|20059808|20059808|GREEN|DICAPAC WPC1 4.8"GRN|DC003
|S8EE|20059809|20059809|PINK|DICAPAC WPC2 5.7"PNK|DC004
|S8EE|20059810|20059810|YELLOW|DICAPAC WPC2 5.7"YLW|DC005
|S8EE|20059811|20059811|GREEN|DICAPAC WPC2 5.7"GRN|DC006
|S8EE|20059812|20059812|PINK|DCPAC WPI10 IPHN PNK|DC007
|S8EE|20059813|20059813|YELLOW|DCPAC WPI10 IPHN YLW|DC008
|S8EE|20059814|20059814|GREEN|DCPAC WPI10 IPHN GRN|DC009
|S8EE|20059815|20059815|PINK|DCAPAC WP565 6.3"PNK|DC010
|S8EE|20059816|20059816|GREEN|DCPAC WP565 6.3" GRN|DC011
|S8EE|20059857|20059857|PINK|DCPAC WPC1S 4.8" PNK|DC012
|S8EE|20059858|20059858|YELLOW|DCPAC WPC1S 4.8" YLW|DC013
|S8EE|20059860|20059860|GREEN|DCPAC WPC1S 4.8" GRN|DC014
|S8EE|20059861|20059861|PINK|DCPAC WPC2S 5.7" PNK|DC015
|S8EE|20059862|20059862|YELLOW|DCPAC WPC2S 5.7 YLW|DC016
|S8EE|20059863|20059863|GREEN|DCPAC WPC2S 5.7" GRN|DC017
|S8IS|20060055|20060055|BHD150|BIG TV BHD 150 FS+PR|BT01
|SP21|20011056|20011056|CHOCOLATE|CAMPINA ICE CAKE CHO|C001
|SP21|20011057|20011057|STRAWBERRY|CAMPINA ICE CAKE STW|C002
|SP21|20015186|20015186|BLACK FOREST|CAMPINA ICE BLCK FRS|C003
|SP21|20028307|20028307|CHOCO|CAMPINA ICE SH/CHOCO|C005
|SP21|20073121|20073121|CASSATA|CMPNA IC.CAKE CST SE|C006
|SR75|20015382|20015382|IT'S GIRL / BOY|NANCY.FL IT GIRL/BOY|N001
|SR75|20015383|20015383|HAPPY BIRTHDAY|NANCY.FL HPY BIRTHDY|N002
|SR75|20015384|20015384|SPECIAL MOMENT 1|NANCY.FL SPC MOMENT1|N003
|SR75|20015385|20015385|SPECIAL MOMENT 2|NANCY.FL SPC MOMENT2|N004
|SR75|20015386|20015386|SPECIAL MOMENT 3|NANCY.FL SPC MOMENT3|N005
|SR75|20015387|20015387|KRANS DUKA 1|NANCY.FL KRANS DUKA1|N006
|SR75|20015388|20015388|KRANS DUKA 2|NANCY.FL KRANS DUKA2|N007
|SR75|20015389|20015389|STICK WERK WEDDING|NANCY.FL S/W WEDDING|N008
|SR75|20015390|20015390|STICK WERK DUKA|NANCY.FL S/WERK DUKA|N009
|SY01|20059996|20059996|BESAR 1305-8052|A/N TAS RNSL 8052 BS|AD001
|SY01|20059998|20059998|BESAR 1305-8053|A/N TAS RNSL 8053 BS|AD002
|SY01|20059999|20059999|KECIL 1305-8054|A/N TAS RNSL 8054 KC|AD003
|SY01|20060003|20060003|BESAR 1101-8083|A/N TAS RNSL 8083 BS|AD005
|SY01|20060004|20060004|BESAR 1101-8061|A/N TAS RNSL 8061 BS|AD006
|SY01|20060005|20060005|BESAR 1101-8063|A/N TAS RNSL 8063 BS|AD007
|SY01|20060006|20060006|BESAR 1101-8064|A/N TAS RNSL 8064 BS|AD008
|SY01|20060009|20060009|BESAR 1101-8062|A/N TAS RNSL 8062 BS|AD009
|SY01|20060011|20060011|BESAR 1307-8041|A/N TAS RNSL 8041 BS|AD010
|SY01|20060012|20060012|BESAR 1307-8042|A/N TAS RNSL 8042 BS|AD011
|SY01|20060013|20060013|KECIL 1307-8043|A/N TAS RNSL 8043 KC|AD012
|SY01|20060014|20060014|JINJING 1307-8344|A/N TAS JIIJING 8344|AD013
|SY01|20060015|20060015|SELEMPANG 1307-8345|A/N TAS SLMPNG 8345|AD014
|SY01|20060017|20060017|SELEMPANG 1307-8346|A/N TAS SLMPNG 8346|AD015
|SY01|20060367|20060367|SELEMPANG 1301-0355|A/N TAS SLMPNG 0355|AD016
|SY01|20060368|20060368|BESAR 1101-8065|A/N TAS RNSL 8065 BS|AD017
|SY01|20060369|20060369|SELEMPANG 1301-0366|A/N TAS SLMPNG 0306|AD018
|SY01|20064486|20064486|RANSEL (1505-0101)|A/N TAS RNSL 0101PNK|AD019
|SY01|20064488|20064488|RANSEL 1505-0102|A/N TAS RNSL 0102PNK|AD020
|SY01|20064489|20064489|RANSEL 1505-0103|A/N TAS RNSL 0103PNK|AD021
|SY01|20064490|20064490|SELEMPANG 1505-0305|A/N TAS SLMP 0305PNK|AD023
|SY01|20064491|20064491|SELEMPANG 1505-0304|A/N TAS SLMP 0304PNK|AD022
|SY01|20064492|20064492|JINJING 1505-0306|A/N TAS JJNG 0306PNK|AD024
|SY01|20064493|20064493|RANSEL 1403-0251|A/N TAS RNSL 0251BRU|AD025
|SY01|20064494|20064494|RANSEL 1403-0252|A/N TAS RNSL 0252BRU|AD026
|SY01|20064495|20064495|RANSEL 1403-0253|A/N TAS RNSL 0253BRU|AD027
|SY01|20064496|20064496|RANSEL 1403-0254|A/N TAS RNSL 0254BRU|AD028
|SY01|20064497|20064497|RANSEL 1403-0255|A/N TAS RNSL 0255BRU|AD029
